idx,ENCODED_ID
0,rn_A10_1
1,rn_A10_10
2,rn_A10_11
3,rn_A10_12
4,rn_A10_13
5,rn_A10_14
6,rn_A10_15
7,rn_A10_16
8,rn_A10_17
9,rn_A10_18
10,rn_A10_19
11,rn_A10_2
12,rn_A10_20
13,rn_A10_21
14,rn_A10_22
15,rn_A10_23
16,rn_A10_24
17,rn_A10_25
18,rn_A10_26
19,rn_A10_27
20,rn_A10_28
21,rn_A10_29
22,rn_A10_3
23,rn_A10_30
24,rn_A10_31
25,rn_A10_32
26,rn_A10_33
27,rn_A10_34
28,rn_A10_35
29,rn_A10_36
30,rn_A10_4
31,rn_A10_5
32,rn_A10_6
33,rn_A10_7
34,rn_A10_8
35,rn_A10_9
36,rn_A11_1
37,rn_A11_10
38,rn_A11_11
39,rn_A11_12
40,rn_A11_13
41,rn_A11_14
42,rn_A11_15
43,rn_A11_16
44,rn_A11_17
45,rn_A11_18
46,rn_A11_19
47,rn_A11_2
48,rn_A11_20
49,rn_A11_21
50,rn_A11_22
51,rn_A11_23
52,rn_A11_24
53,rn_A11_25
54,rn_A11_26
55,rn_A11_27
56,rn_A11_28
57,rn_A11_29
58,rn_A11_3
59,rn_A11_30
60,rn_A11_31
61,rn_A11_32
62,rn_A11_33
63,rn_A11_34
64,rn_A11_35
65,rn_A11_36
66,rn_A11_4
67,rn_A11_5
68,rn_A11_6
69,rn_A11_7
70,rn_A11_8
71,rn_A11_9
72,rn_A12_1
73,rn_A12_10
74,rn_A12_11
75,rn_A12_12
76,rn_A12_13
77,rn_A12_14
78,rn_A12_15
79,rn_A12_16
80,rn_A12_17
81,rn_A12_18
82,rn_A12_19
83,rn_A12_2
84,rn_A12_20
85,rn_A12_21
86,rn_A12_22
87,rn_A12_23
88,rn_A12_24
89,rn_A12_25
90,rn_A12_26
91,rn_A12_27
92,rn_A12_28
93,rn_A12_29
94,rn_A12_3
95,rn_A12_30
96,rn_A12_31
97,rn_A12_32
98,rn_A12_33
99,rn_A12_34
100,rn_A12_35
101,rn_A12_36
102,rn_A12_4
103,rn_A12_5
104,rn_A12_6
105,rn_A12_7
106,rn_A12_8
107,rn_A12_9
108,rn_A13_1
109,rn_A13_10
110,rn_A13_11
111,rn_A13_12
112,rn_A13_13
113,rn_A13_14
114,rn_A13_15
115,rn_A13_16
116,rn_A13_17
117,rn_A13_18
118,rn_A13_19
119,rn_A13_2
120,rn_A13_20
121,rn_A13_21
122,rn_A13_22
123,rn_A13_23
124,rn_A13_24
125,rn_A13_25
126,rn_A13_26
127,rn_A13_27
128,rn_A13_28
129,rn_A13_29
130,rn_A13_3
131,rn_A13_30
132,rn_A13_31
133,rn_A13_32
134,rn_A13_33
135,rn_A13_34
136,rn_A13_35
137,rn_A13_36
138,rn_A13_4
139,rn_A13_5
140,rn_A13_6
141,rn_A13_7
142,rn_A13_8
143,rn_A13_9
144,rn_A14_1
145,rn_A14_10
146,rn_A14_11
147,rn_A14_12
148,rn_A14_13
149,rn_A14_14
150,rn_A14_15
151,rn_A14_16
152,rn_A14_17
153,rn_A14_18
154,rn_A14_19
155,rn_A14_2
156,rn_A14_20
157,rn_A14_21
158,rn_A14_22
159,rn_A14_23
160,rn_A14_24
161,rn_A14_25
162,rn_A14_26
163,rn_A14_27
164,rn_A14_28
165,rn_A14_29
166,rn_A14_3
167,rn_A14_30
168,rn_A14_31
169,rn_A14_32
170,rn_A14_33
171,rn_A14_34
172,rn_A14_35
173,rn_A14_36
174,rn_A14_4
175,rn_A14_5
176,rn_A14_6
177,rn_A14_7
178,rn_A14_8
179,rn_A14_9
180,rn_A15_1
181,rn_A15_10
182,rn_A15_11
183,rn_A15_12
184,rn_A15_13
185,rn_A15_14
186,rn_A15_15
187,rn_A15_16
188,rn_A15_17
189,rn_A15_18
190,rn_A15_19
191,rn_A15_2
192,rn_A15_20
193,rn_A15_21
194,rn_A15_22
195,rn_A15_23
196,rn_A15_24
197,rn_A15_25
198,rn_A15_26
199,rn_A15_27
200,rn_A15_28
201,rn_A15_29
202,rn_A15_3
203,rn_A15_30
204,rn_A15_31
205,rn_A15_32
206,rn_A15_33
207,rn_A15_34
208,rn_A15_35
209,rn_A15_36
210,rn_A15_4
211,rn_A15_5
212,rn_A15_6
213,rn_A15_7
214,rn_A15_8
215,rn_A15_9
216,rn_A16_1
217,rn_A16_10
218,rn_A16_11
219,rn_A16_12
220,rn_A16_13
221,rn_A16_14
222,rn_A16_15
223,rn_A16_16
224,rn_A16_17
225,rn_A16_18
226,rn_A16_19
227,rn_A16_2
228,rn_A16_20
229,rn_A16_21
230,rn_A16_22
231,rn_A16_23
232,rn_A16_24
233,rn_A16_25
234,rn_A16_26
235,rn_A16_27
236,rn_A16_28
237,rn_A16_29
238,rn_A16_3
239,rn_A16_30
240,rn_A16_31
241,rn_A16_32
242,rn_A16_33
243,rn_A16_34
244,rn_A16_35
245,rn_A16_36
246,rn_A16_4
247,rn_A16_5
248,rn_A16_6
249,rn_A16_7
250,rn_A16_8
251,rn_A16_9
252,rn_A17_1
253,rn_A17_10
254,rn_A17_11
255,rn_A17_12
256,rn_A17_13
257,rn_A17_14
258,rn_A17_15
259,rn_A17_16
260,rn_A17_17
261,rn_A17_18
262,rn_A17_19
263,rn_A17_2
264,rn_A17_20
265,rn_A17_21
266,rn_A17_22
267,rn_A17_23
268,rn_A17_24
269,rn_A17_25
270,rn_A17_26
271,rn_A17_27
272,rn_A17_28
273,rn_A17_29
274,rn_A17_3
275,rn_A17_30
276,rn_A17_31
277,rn_A17_32
278,rn_A17_33
279,rn_A17_34
280,rn_A17_35
281,rn_A17_36
282,rn_A17_4
283,rn_A17_5
284,rn_A17_6
285,rn_A17_7
286,rn_A17_8
287,rn_A17_9
288,rn_A18_1
289,rn_A18_10
290,rn_A18_11
291,rn_A18_12
292,rn_A18_13
293,rn_A18_14
294,rn_A18_15
295,rn_A18_16
296,rn_A18_17
297,rn_A18_18
298,rn_A18_19
299,rn_A18_2
300,rn_A18_20
301,rn_A18_21
302,rn_A18_22
303,rn_A18_23
304,rn_A18_24
305,rn_A18_25
306,rn_A18_26
307,rn_A18_27
308,rn_A18_28
309,rn_A18_29
310,rn_A18_3
311,rn_A18_30
312,rn_A18_31
313,rn_A18_32
314,rn_A18_33
315,rn_A18_34
316,rn_A18_35
317,rn_A18_36
318,rn_A18_4
319,rn_A18_5
320,rn_A18_6
321,rn_A18_7
322,rn_A18_8
323,rn_A18_9
324,rn_A19_1
325,rn_A19_10
326,rn_A19_11
327,rn_A19_12
328,rn_A19_13
329,rn_A19_14
330,rn_A19_15
331,rn_A19_16
332,rn_A19_17
333,rn_A19_18
334,rn_A19_19
335,rn_A19_2
336,rn_A19_20
337,rn_A19_21
338,rn_A19_22
339,rn_A19_23
340,rn_A19_24
341,rn_A19_25
342,rn_A19_26
343,rn_A19_27
344,rn_A19_28
345,rn_A19_29
346,rn_A19_3
347,rn_A19_30
348,rn_A19_31
349,rn_A19_32
350,rn_A19_33
351,rn_A19_34
352,rn_A19_35
353,rn_A19_36
354,rn_A19_4
355,rn_A19_5
356,rn_A19_6
357,rn_A19_7
358,rn_A19_8
359,rn_A19_9
360,rn_A1_1
361,rn_A1_10
362,rn_A1_11
363,rn_A1_12
364,rn_A1_13
365,rn_A1_14
366,rn_A1_15
367,rn_A1_16
368,rn_A1_17
369,rn_A1_18
370,rn_A1_19
371,rn_A1_2
372,rn_A1_20
373,rn_A1_21
374,rn_A1_22
375,rn_A1_23
376,rn_A1_24
377,rn_A1_25
378,rn_A1_26
379,rn_A1_27
380,rn_A1_28
381,rn_A1_29
382,rn_A1_3
383,rn_A1_30
384,rn_A1_31
385,rn_A1_32
386,rn_A1_33
387,rn_A1_34
388,rn_A1_4
389,rn_A1_5
390,rn_A1_6
391,rn_A1_7
392,rn_A1_8
393,rn_A1_9
394,rn_A20_1
395,rn_A20_10
396,rn_A20_11
397,rn_A20_12
398,rn_A20_13
399,rn_A20_14
400,rn_A20_15
401,rn_A20_16
402,rn_A20_17
403,rn_A20_18
404,rn_A20_19
405,rn_A20_2
406,rn_A20_20
407,rn_A20_21
408,rn_A20_22
409,rn_A20_23
410,rn_A20_24
411,rn_A20_25
412,rn_A20_26
413,rn_A20_27
414,rn_A20_28
415,rn_A20_29
416,rn_A20_3
417,rn_A20_30
418,rn_A20_31
419,rn_A20_32
420,rn_A20_33
421,rn_A20_34
422,rn_A20_4
423,rn_A20_5
424,rn_A20_6
425,rn_A20_7
426,rn_A20_8
427,rn_A20_9
428,rn_A2_1
429,rn_A2_10
430,rn_A2_11
431,rn_A2_12
432,rn_A2_13
433,rn_A2_14
434,rn_A2_15
435,rn_A2_16
436,rn_A2_17
437,rn_A2_18
438,rn_A2_19
439,rn_A2_2
440,rn_A2_20
441,rn_A2_21
442,rn_A2_22
443,rn_A2_23
444,rn_A2_24
445,rn_A2_25
446,rn_A2_26
447,rn_A2_27
448,rn_A2_28
449,rn_A2_29
450,rn_A2_3
451,rn_A2_30
452,rn_A2_31
453,rn_A2_32
454,rn_A2_33
455,rn_A2_34
456,rn_A2_35
457,rn_A2_36
458,rn_A2_4
459,rn_A2_5
460,rn_A2_6
461,rn_A2_7
462,rn_A2_8
463,rn_A2_9
464,rn_A3_1
465,rn_A3_10
466,rn_A3_11
467,rn_A3_12
468,rn_A3_13
469,rn_A3_14
470,rn_A3_15
471,rn_A3_16
472,rn_A3_17
473,rn_A3_18
474,rn_A3_19
475,rn_A3_2
476,rn_A3_20
477,rn_A3_21
478,rn_A3_22
479,rn_A3_23
480,rn_A3_24
481,rn_A3_25
482,rn_A3_26
483,rn_A3_27
484,rn_A3_28
485,rn_A3_29
486,rn_A3_3
487,rn_A3_30
488,rn_A3_31
489,rn_A3_32
490,rn_A3_33
491,rn_A3_34
492,rn_A3_35
493,rn_A3_36
494,rn_A3_4
495,rn_A3_5
496,rn_A3_6
497,rn_A3_7
498,rn_A3_8
499,rn_A3_9
500,rn_A4_1
501,rn_A4_10
502,rn_A4_11
503,rn_A4_12
504,rn_A4_13
505,rn_A4_14
506,rn_A4_15
507,rn_A4_16
508,rn_A4_17
509,rn_A4_18
510,rn_A4_19
511,rn_A4_2
512,rn_A4_20
513,rn_A4_21
514,rn_A4_22
515,rn_A4_23
516,rn_A4_24
517,rn_A4_25
518,rn_A4_26
519,rn_A4_27
520,rn_A4_28
521,rn_A4_29
522,rn_A4_3
523,rn_A4_30
524,rn_A4_31
525,rn_A4_32
526,rn_A4_33
527,rn_A4_34
528,rn_A4_35
529,rn_A4_36
530,rn_A4_4
531,rn_A4_5
532,rn_A4_6
533,rn_A4_7
534,rn_A4_8
535,rn_A4_9
536,rn_A5_1
537,rn_A5_10
538,rn_A5_11
539,rn_A5_12
540,rn_A5_13
541,rn_A5_14
542,rn_A5_15
543,rn_A5_16
544,rn_A5_17
545,rn_A5_18
546,rn_A5_19
547,rn_A5_2
548,rn_A5_20
549,rn_A5_21
550,rn_A5_22
551,rn_A5_23
552,rn_A5_24
553,rn_A5_25
554,rn_A5_26
555,rn_A5_27
556,rn_A5_28
557,rn_A5_29
558,rn_A5_3
559,rn_A5_30
560,rn_A5_31
561,rn_A5_32
562,rn_A5_33
563,rn_A5_34
564,rn_A5_35
565,rn_A5_36
566,rn_A5_4
567,rn_A5_5
568,rn_A5_6
569,rn_A5_7
570,rn_A5_8
571,rn_A5_9
572,rn_A6_1
573,rn_A6_10
574,rn_A6_11
575,rn_A6_12
576,rn_A6_13
577,rn_A6_14
578,rn_A6_15
579,rn_A6_16
580,rn_A6_17
581,rn_A6_18
582,rn_A6_19
583,rn_A6_2
584,rn_A6_20
585,rn_A6_21
586,rn_A6_22
587,rn_A6_23
588,rn_A6_24
589,rn_A6_25
590,rn_A6_26
591,rn_A6_27
592,rn_A6_28
593,rn_A6_29
594,rn_A6_3
595,rn_A6_30
596,rn_A6_31
597,rn_A6_32
598,rn_A6_33
599,rn_A6_34
600,rn_A6_35
601,rn_A6_36
602,rn_A6_4
603,rn_A6_5
604,rn_A6_6
605,rn_A6_7
606,rn_A6_8
607,rn_A6_9
608,rn_A7_1
609,rn_A7_10
610,rn_A7_11
611,rn_A7_12
612,rn_A7_13
613,rn_A7_14
614,rn_A7_15
615,rn_A7_16
616,rn_A7_17
617,rn_A7_18
618,rn_A7_19
619,rn_A7_2
620,rn_A7_20
621,rn_A7_21
622,rn_A7_22
623,rn_A7_23
624,rn_A7_24
625,rn_A7_25
626,rn_A7_26
627,rn_A7_27
628,rn_A7_28
629,rn_A7_29
630,rn_A7_3
631,rn_A7_30
632,rn_A7_31
633,rn_A7_32
634,rn_A7_33
635,rn_A7_34
636,rn_A7_35
637,rn_A7_36
638,rn_A7_4
639,rn_A7_5
640,rn_A7_6
641,rn_A7_7
642,rn_A7_8
643,rn_A7_9
644,rn_A8_1
645,rn_A8_10
646,rn_A8_11
647,rn_A8_12
648,rn_A8_13
649,rn_A8_14
650,rn_A8_15
651,rn_A8_16
652,rn_A8_17
653,rn_A8_18
654,rn_A8_19
655,rn_A8_2
656,rn_A8_20
657,rn_A8_21
658,rn_A8_22
659,rn_A8_23
660,rn_A8_24
661,rn_A8_25
662,rn_A8_26
663,rn_A8_27
664,rn_A8_28
665,rn_A8_29
666,rn_A8_3
667,rn_A8_30
668,rn_A8_31
669,rn_A8_32
670,rn_A8_33
671,rn_A8_34
672,rn_A8_35
673,rn_A8_36
674,rn_A8_4
675,rn_A8_5
676,rn_A8_6
677,rn_A8_7
678,rn_A8_8
679,rn_A8_9
680,rn_A9_1
681,rn_A9_10
682,rn_A9_11
683,rn_A9_12
684,rn_A9_13
685,rn_A9_14
686,rn_A9_15
687,rn_A9_16
688,rn_A9_17
689,rn_A9_18
690,rn_A9_19
691,rn_A9_2
692,rn_A9_20
693,rn_A9_21
694,rn_A9_22
695,rn_A9_23
696,rn_A9_24
697,rn_A9_25
698,rn_A9_26
699,rn_A9_27
700,rn_A9_28
701,rn_A9_29
702,rn_A9_3
703,rn_A9_30
704,rn_A9_31
705,rn_A9_32
706,rn_A9_33
707,rn_A9_34
708,rn_A9_35
709,rn_A9_36
710,rn_A9_4
711,rn_A9_5
712,rn_A9_6
713,rn_A9_7
714,rn_A9_8
715,rn_A9_9
716,rn_B10_1
717,rn_B10_10
718,rn_B10_11
719,rn_B10_12
720,rn_B10_13
721,rn_B10_14
722,rn_B10_15
723,rn_B10_16
724,rn_B10_17
725,rn_B10_18
726,rn_B10_19
727,rn_B10_2
728,rn_B10_20
729,rn_B10_21
730,rn_B10_22
731,rn_B10_23
732,rn_B10_24
733,rn_B10_25
734,rn_B10_26
735,rn_B10_27
736,rn_B10_28
737,rn_B10_29
738,rn_B10_3
739,rn_B10_30
740,rn_B10_31
741,rn_B10_32
742,rn_B10_33
743,rn_B10_34
744,rn_B10_35
745,rn_B10_36
746,rn_B10_4
747,rn_B10_5
748,rn_B10_6
749,rn_B10_7
750,rn_B10_8
751,rn_B10_9
752,rn_B11_1
753,rn_B11_10
754,rn_B11_11
755,rn_B11_12
756,rn_B11_13
757,rn_B11_14
758,rn_B11_15
759,rn_B11_16
760,rn_B11_17
761,rn_B11_18
762,rn_B11_19
763,rn_B11_2
764,rn_B11_20
765,rn_B11_21
766,rn_B11_22
767,rn_B11_23
768,rn_B11_24
769,rn_B11_25
770,rn_B11_26
771,rn_B11_27
772,rn_B11_28
773,rn_B11_29
774,rn_B11_3
775,rn_B11_30
776,rn_B11_31
777,rn_B11_32
778,rn_B11_33
779,rn_B11_34
780,rn_B11_35
781,rn_B11_36
782,rn_B11_4
783,rn_B11_5
784,rn_B11_6
785,rn_B11_7
786,rn_B11_8
787,rn_B11_9
788,rn_B12_1
789,rn_B12_10
790,rn_B12_11
791,rn_B12_12
792,rn_B12_13
793,rn_B12_14
794,rn_B12_15
795,rn_B12_16
796,rn_B12_17
797,rn_B12_18
798,rn_B12_19
799,rn_B12_2
800,rn_B12_20
801,rn_B12_21
802,rn_B12_22
803,rn_B12_23
804,rn_B12_24
805,rn_B12_25
806,rn_B12_26
807,rn_B12_27
808,rn_B12_28
809,rn_B12_29
810,rn_B12_3
811,rn_B12_30
812,rn_B12_31
813,rn_B12_32
814,rn_B12_33
815,rn_B12_34
816,rn_B12_35
817,rn_B12_36
818,rn_B12_4
819,rn_B12_5
820,rn_B12_6
821,rn_B12_7
822,rn_B12_8
823,rn_B12_9
824,rn_B13_1
825,rn_B13_10
826,rn_B13_11
827,rn_B13_12
828,rn_B13_13
829,rn_B13_14
830,rn_B13_15
831,rn_B13_16
832,rn_B13_17
833,rn_B13_18
834,rn_B13_19
835,rn_B13_2
836,rn_B13_20
837,rn_B13_21
838,rn_B13_22
839,rn_B13_23
840,rn_B13_24
841,rn_B13_25
842,rn_B13_26
843,rn_B13_27
844,rn_B13_28
845,rn_B13_29
846,rn_B13_3
847,rn_B13_30
848,rn_B13_31
849,rn_B13_32
850,rn_B13_33
851,rn_B13_34
852,rn_B13_35
853,rn_B13_36
854,rn_B13_4
855,rn_B13_5
856,rn_B13_6
857,rn_B13_7
858,rn_B13_8
859,rn_B13_9
860,rn_B14_1
861,rn_B14_10
862,rn_B14_11
863,rn_B14_12
864,rn_B14_13
865,rn_B14_14
866,rn_B14_15
867,rn_B14_16
868,rn_B14_17
869,rn_B14_18
870,rn_B14_19
871,rn_B14_2
872,rn_B14_20
873,rn_B14_21
874,rn_B14_22
875,rn_B14_23
876,rn_B14_24
877,rn_B14_25
878,rn_B14_26
879,rn_B14_27
880,rn_B14_28
881,rn_B14_29
882,rn_B14_3
883,rn_B14_30
884,rn_B14_31
885,rn_B14_32
886,rn_B14_33
887,rn_B14_34
888,rn_B14_35
889,rn_B14_36
890,rn_B14_4
891,rn_B14_5
892,rn_B14_6
893,rn_B14_7
894,rn_B14_8
895,rn_B14_9
896,rn_B15_1
897,rn_B15_10
898,rn_B15_11
899,rn_B15_12
900,rn_B15_13
901,rn_B15_14
902,rn_B15_15
903,rn_B15_16
904,rn_B15_17
905,rn_B15_18
906,rn_B15_19
907,rn_B15_2
908,rn_B15_20
909,rn_B15_21
910,rn_B15_22
911,rn_B15_23
912,rn_B15_24
913,rn_B15_25
914,rn_B15_26
915,rn_B15_27
916,rn_B15_28
917,rn_B15_29
918,rn_B15_3
919,rn_B15_30
920,rn_B15_31
921,rn_B15_32
922,rn_B15_33
923,rn_B15_34
924,rn_B15_35
925,rn_B15_36
926,rn_B15_4
927,rn_B15_5
928,rn_B15_6
929,rn_B15_7
930,rn_B15_8
931,rn_B15_9
932,rn_B16_1
933,rn_B16_10
934,rn_B16_11
935,rn_B16_12
936,rn_B16_13
937,rn_B16_14
938,rn_B16_15
939,rn_B16_16
940,rn_B16_17
941,rn_B16_18
942,rn_B16_19
943,rn_B16_2
944,rn_B16_20
945,rn_B16_21
946,rn_B16_22
947,rn_B16_23
948,rn_B16_24
949,rn_B16_25
950,rn_B16_26
951,rn_B16_27
952,rn_B16_28
953,rn_B16_29
954,rn_B16_3
955,rn_B16_30
956,rn_B16_31
957,rn_B16_32
958,rn_B16_33
959,rn_B16_34
960,rn_B16_35
961,rn_B16_36
962,rn_B16_4
963,rn_B16_5
964,rn_B16_6
965,rn_B16_7
966,rn_B16_8
967,rn_B16_9
968,rn_B17_1
969,rn_B17_10
970,rn_B17_11
971,rn_B17_12
972,rn_B17_13
973,rn_B17_14
974,rn_B17_15
975,rn_B17_16
976,rn_B17_17
977,rn_B17_18
978,rn_B17_19
979,rn_B17_2
980,rn_B17_20
981,rn_B17_21
982,rn_B17_22
983,rn_B17_23
984,rn_B17_24
985,rn_B17_25
986,rn_B17_26
987,rn_B17_27
988,rn_B17_28
989,rn_B17_29
990,rn_B17_3
991,rn_B17_30
992,rn_B17_31
993,rn_B17_32
994,rn_B17_33
995,rn_B17_34
996,rn_B17_35
997,rn_B17_36
998,rn_B17_4
999,rn_B17_5
1000,rn_B17_6
1001,rn_B17_7
1002,rn_B17_8
1003,rn_B17_9
1004,rn_B18_1
1005,rn_B18_10
1006,rn_B18_11
1007,rn_B18_12
1008,rn_B18_13
1009,rn_B18_14
1010,rn_B18_15
1011,rn_B18_16
1012,rn_B18_17
1013,rn_B18_18
1014,rn_B18_19
1015,rn_B18_2
1016,rn_B18_20
1017,rn_B18_21
1018,rn_B18_22
1019,rn_B18_23
1020,rn_B18_24
1021,rn_B18_25
1022,rn_B18_26
1023,rn_B18_27
1024,rn_B18_28
1025,rn_B18_29
1026,rn_B18_3
1027,rn_B18_30
1028,rn_B18_31
1029,rn_B18_32
1030,rn_B18_33
1031,rn_B18_34
1032,rn_B18_35
1033,rn_B18_36
1034,rn_B18_4
1035,rn_B18_5
1036,rn_B18_6
1037,rn_B18_7
1038,rn_B18_8
1039,rn_B18_9
1040,rn_B19_1
1041,rn_B19_10
1042,rn_B19_11
1043,rn_B19_12
1044,rn_B19_13
1045,rn_B19_14
1046,rn_B19_15
1047,rn_B19_16
1048,rn_B19_17
1049,rn_B19_18
1050,rn_B19_19
1051,rn_B19_2
1052,rn_B19_20
1053,rn_B19_21
1054,rn_B19_22
1055,rn_B19_23
1056,rn_B19_24
1057,rn_B19_25
1058,rn_B19_26
1059,rn_B19_27
1060,rn_B19_28
1061,rn_B19_29
1062,rn_B19_3
1063,rn_B19_30
1064,rn_B19_31
1065,rn_B19_32
1066,rn_B19_33
1067,rn_B19_34
1068,rn_B19_35
1069,rn_B19_36
1070,rn_B19_4
1071,rn_B19_5
1072,rn_B19_6
1073,rn_B19_7
1074,rn_B19_8
1075,rn_B19_9
1076,rn_B1_1
1077,rn_B1_10
1078,rn_B1_11
1079,rn_B1_12
1080,rn_B1_13
1081,rn_B1_14
1082,rn_B1_15
1083,rn_B1_16
1084,rn_B1_17
1085,rn_B1_18
1086,rn_B1_19
1087,rn_B1_2
1088,rn_B1_20
1089,rn_B1_21
1090,rn_B1_22
1091,rn_B1_23
1092,rn_B1_24
1093,rn_B1_25
1094,rn_B1_26
1095,rn_B1_27
1096,rn_B1_28
1097,rn_B1_29
1098,rn_B1_3
1099,rn_B1_30
1100,rn_B1_31
1101,rn_B1_32
1102,rn_B1_33
1103,rn_B1_34
1104,rn_B1_4
1105,rn_B1_5
1106,rn_B1_6
1107,rn_B1_7
1108,rn_B1_8
1109,rn_B1_9
1110,rn_B20_1
1111,rn_B20_10
1112,rn_B20_11
1113,rn_B20_12
1114,rn_B20_13
1115,rn_B20_14
1116,rn_B20_15
1117,rn_B20_16
1118,rn_B20_17
1119,rn_B20_18
1120,rn_B20_19
1121,rn_B20_2
1122,rn_B20_20
1123,rn_B20_21
1124,rn_B20_22
1125,rn_B20_23
1126,rn_B20_24
1127,rn_B20_25
1128,rn_B20_26
1129,rn_B20_27
1130,rn_B20_28
1131,rn_B20_29
1132,rn_B20_3
1133,rn_B20_30
1134,rn_B20_31
1135,rn_B20_32
1136,rn_B20_33
1137,rn_B20_34
1138,rn_B20_4
1139,rn_B20_5
1140,rn_B20_6
1141,rn_B20_7
1142,rn_B20_8
1143,rn_B20_9
1144,rn_B2_1
1145,rn_B2_10
1146,rn_B2_11
1147,rn_B2_12
1148,rn_B2_13
1149,rn_B2_14
1150,rn_B2_15
1151,rn_B2_16
1152,rn_B2_17
1153,rn_B2_18
1154,rn_B2_19
1155,rn_B2_2
1156,rn_B2_20
1157,rn_B2_21
1158,rn_B2_22
1159,rn_B2_23
1160,rn_B2_24
1161,rn_B2_25
1162,rn_B2_26
1163,rn_B2_27
1164,rn_B2_28
1165,rn_B2_29
1166,rn_B2_3
1167,rn_B2_30
1168,rn_B2_31
1169,rn_B2_32
1170,rn_B2_33
1171,rn_B2_34
1172,rn_B2_35
1173,rn_B2_36
1174,rn_B2_4
1175,rn_B2_5
1176,rn_B2_6
1177,rn_B2_7
1178,rn_B2_8
1179,rn_B2_9
1180,rn_B3_1
1181,rn_B3_10
1182,rn_B3_11
1183,rn_B3_12
1184,rn_B3_13
1185,rn_B3_14
1186,rn_B3_15
1187,rn_B3_16
1188,rn_B3_17
1189,rn_B3_18
1190,rn_B3_19
1191,rn_B3_2
1192,rn_B3_20
1193,rn_B3_21
1194,rn_B3_22
1195,rn_B3_23
1196,rn_B3_24
1197,rn_B3_25
1198,rn_B3_26
1199,rn_B3_27
1200,rn_B3_28
1201,rn_B3_29
1202,rn_B3_3
1203,rn_B3_30
1204,rn_B3_31
1205,rn_B3_32
1206,rn_B3_33
1207,rn_B3_34
1208,rn_B3_35
1209,rn_B3_36
1210,rn_B3_4
1211,rn_B3_5
1212,rn_B3_6
1213,rn_B3_7
1214,rn_B3_8
1215,rn_B3_9
1216,rn_B4_1
1217,rn_B4_10
1218,rn_B4_11
1219,rn_B4_12
1220,rn_B4_13
1221,rn_B4_14
1222,rn_B4_15
1223,rn_B4_16
1224,rn_B4_17
1225,rn_B4_18
1226,rn_B4_19
1227,rn_B4_2
1228,rn_B4_20
1229,rn_B4_21
1230,rn_B4_22
1231,rn_B4_23
1232,rn_B4_24
1233,rn_B4_25
1234,rn_B4_26
1235,rn_B4_27
1236,rn_B4_28
1237,rn_B4_29
1238,rn_B4_3
1239,rn_B4_30
1240,rn_B4_31
1241,rn_B4_32
1242,rn_B4_33
1243,rn_B4_34
1244,rn_B4_35
1245,rn_B4_36
1246,rn_B4_4
1247,rn_B4_5
1248,rn_B4_6
1249,rn_B4_7
1250,rn_B4_8
1251,rn_B4_9
1252,rn_B5_1
1253,rn_B5_10
1254,rn_B5_11
1255,rn_B5_12
1256,rn_B5_13
1257,rn_B5_14
1258,rn_B5_15
1259,rn_B5_16
1260,rn_B5_17
1261,rn_B5_18
1262,rn_B5_19
1263,rn_B5_2
1264,rn_B5_20
1265,rn_B5_21
1266,rn_B5_22
1267,rn_B5_23
1268,rn_B5_24
1269,rn_B5_25
1270,rn_B5_26
1271,rn_B5_27
1272,rn_B5_28
1273,rn_B5_29
1274,rn_B5_3
1275,rn_B5_30
1276,rn_B5_31
1277,rn_B5_32
1278,rn_B5_33
1279,rn_B5_34
1280,rn_B5_35
1281,rn_B5_36
1282,rn_B5_4
1283,rn_B5_5
1284,rn_B5_6
1285,rn_B5_7
1286,rn_B5_8
1287,rn_B5_9
1288,rn_B6_1
1289,rn_B6_10
1290,rn_B6_11
1291,rn_B6_12
1292,rn_B6_13
1293,rn_B6_14
1294,rn_B6_15
1295,rn_B6_16
1296,rn_B6_17
1297,rn_B6_18
1298,rn_B6_19
1299,rn_B6_2
1300,rn_B6_20
1301,rn_B6_21
1302,rn_B6_22
1303,rn_B6_23
1304,rn_B6_24
1305,rn_B6_25
1306,rn_B6_26
1307,rn_B6_27
1308,rn_B6_28
1309,rn_B6_29
1310,rn_B6_3
1311,rn_B6_30
1312,rn_B6_31
1313,rn_B6_32
1314,rn_B6_33
1315,rn_B6_34
1316,rn_B6_35
1317,rn_B6_36
1318,rn_B6_4
1319,rn_B6_5
1320,rn_B6_6
1321,rn_B6_7
1322,rn_B6_8
1323,rn_B6_9
1324,rn_B7_1
1325,rn_B7_10
1326,rn_B7_11
1327,rn_B7_12
1328,rn_B7_13
1329,rn_B7_14
1330,rn_B7_15
1331,rn_B7_16
1332,rn_B7_17
1333,rn_B7_18
1334,rn_B7_19
1335,rn_B7_2
1336,rn_B7_20
1337,rn_B7_21
1338,rn_B7_22
1339,rn_B7_23
1340,rn_B7_24
1341,rn_B7_25
1342,rn_B7_26
1343,rn_B7_27
1344,rn_B7_28
1345,rn_B7_29
1346,rn_B7_3
1347,rn_B7_30
1348,rn_B7_31
1349,rn_B7_32
1350,rn_B7_33
1351,rn_B7_34
1352,rn_B7_35
1353,rn_B7_36
1354,rn_B7_4
1355,rn_B7_5
1356,rn_B7_6
1357,rn_B7_7
1358,rn_B7_8
1359,rn_B7_9
1360,rn_B8_1
1361,rn_B8_10
1362,rn_B8_11
1363,rn_B8_12
1364,rn_B8_13
1365,rn_B8_14
1366,rn_B8_15
1367,rn_B8_16
1368,rn_B8_17
1369,rn_B8_18
1370,rn_B8_19
1371,rn_B8_2
1372,rn_B8_20
1373,rn_B8_21
1374,rn_B8_22
1375,rn_B8_23
1376,rn_B8_24
1377,rn_B8_25
1378,rn_B8_26
1379,rn_B8_27
1380,rn_B8_28
1381,rn_B8_29
1382,rn_B8_3
1383,rn_B8_30
1384,rn_B8_31
1385,rn_B8_32
1386,rn_B8_33
1387,rn_B8_34
1388,rn_B8_35
1389,rn_B8_36
1390,rn_B8_4
1391,rn_B8_5
1392,rn_B8_6
1393,rn_B8_7
1394,rn_B8_8
1395,rn_B8_9
1396,rn_B9_1
1397,rn_B9_10
1398,rn_B9_11
1399,rn_B9_12
1400,rn_B9_13
1401,rn_B9_14
1402,rn_B9_15
1403,rn_B9_16
1404,rn_B9_17
1405,rn_B9_18
1406,rn_B9_19
1407,rn_B9_2
1408,rn_B9_20
1409,rn_B9_21
1410,rn_B9_22
1411,rn_B9_23
1412,rn_B9_24
1413,rn_B9_25
1414,rn_B9_26
1415,rn_B9_27
1416,rn_B9_28
1417,rn_B9_29
1418,rn_B9_3
1419,rn_B9_30
1420,rn_B9_31
1421,rn_B9_32
1422,rn_B9_33
1423,rn_B9_34
1424,rn_B9_35
1425,rn_B9_36
1426,rn_B9_4
1427,rn_B9_5
1428,rn_B9_6
1429,rn_B9_7
1430,rn_B9_8
1431,rn_B9_9
1432,rn_InterBay1_1
1433,rn_InterBay1_10
1434,rn_InterBay1_100
1435,rn_InterBay1_101
1436,rn_InterBay1_102
1437,rn_InterBay1_103
1438,rn_InterBay1_104
1439,rn_InterBay1_105
1440,rn_InterBay1_106
1441,rn_InterBay1_107
1442,rn_InterBay1_108
1443,rn_InterBay1_109
1444,rn_InterBay1_11
1445,rn_InterBay1_110
1446,rn_InterBay1_111
1447,rn_InterBay1_112
1448,rn_InterBay1_113
1449,rn_InterBay1_114
1450,rn_InterBay1_115
1451,rn_InterBay1_116
1452,rn_InterBay1_117
1453,rn_InterBay1_118
1454,rn_InterBay1_119
1455,rn_InterBay1_12
1456,rn_InterBay1_120
1457,rn_InterBay1_121
1458,rn_InterBay1_122
1459,rn_InterBay1_123
1460,rn_InterBay1_124
1461,rn_InterBay1_125
1462,rn_InterBay1_126
1463,rn_InterBay1_127
1464,rn_InterBay1_128
1465,rn_InterBay1_129
1466,rn_InterBay1_13
1467,rn_InterBay1_130
1468,rn_InterBay1_131
1469,rn_InterBay1_132
1470,rn_InterBay1_133
1471,rn_InterBay1_134
1472,rn_InterBay1_135
1473,rn_InterBay1_136
1474,rn_InterBay1_137
1475,rn_InterBay1_138
1476,rn_InterBay1_139
1477,rn_InterBay1_14
1478,rn_InterBay1_140
1479,rn_InterBay1_141
1480,rn_InterBay1_142
1481,rn_InterBay1_143
1482,rn_InterBay1_144
1483,rn_InterBay1_145
1484,rn_InterBay1_146
1485,rn_InterBay1_147
1486,rn_InterBay1_148
1487,rn_InterBay1_149
1488,rn_InterBay1_15
1489,rn_InterBay1_150
1490,rn_InterBay1_151
1491,rn_InterBay1_152
1492,rn_InterBay1_153
1493,rn_InterBay1_154
1494,rn_InterBay1_155
1495,rn_InterBay1_156
1496,rn_InterBay1_157
1497,rn_InterBay1_158
1498,rn_InterBay1_159
1499,rn_InterBay1_16
1500,rn_InterBay1_160
1501,rn_InterBay1_161
1502,rn_InterBay1_162
1503,rn_InterBay1_163
1504,rn_InterBay1_164
1505,rn_InterBay1_165
1506,rn_InterBay1_166
1507,rn_InterBay1_167
1508,rn_InterBay1_168
1509,rn_InterBay1_169
1510,rn_InterBay1_17
1511,rn_InterBay1_170
1512,rn_InterBay1_171
1513,rn_InterBay1_172
1514,rn_InterBay1_173
1515,rn_InterBay1_174
1516,rn_InterBay1_175
1517,rn_InterBay1_176
1518,rn_InterBay1_177
1519,rn_InterBay1_178
1520,rn_InterBay1_179
1521,rn_InterBay1_18
1522,rn_InterBay1_180
1523,rn_InterBay1_181
1524,rn_InterBay1_182
1525,rn_InterBay1_183
1526,rn_InterBay1_184
1527,rn_InterBay1_185
1528,rn_InterBay1_186
1529,rn_InterBay1_187
1530,rn_InterBay1_188
1531,rn_InterBay1_189
1532,rn_InterBay1_19
1533,rn_InterBay1_190
1534,rn_InterBay1_191
1535,rn_InterBay1_192
1536,rn_InterBay1_193
1537,rn_InterBay1_194
1538,rn_InterBay1_195
1539,rn_InterBay1_196
1540,rn_InterBay1_197
1541,rn_InterBay1_198
1542,rn_InterBay1_199
1543,rn_InterBay1_2
1544,rn_InterBay1_20
1545,rn_InterBay1_200
1546,rn_InterBay1_201
1547,rn_InterBay1_202
1548,rn_InterBay1_203
1549,rn_InterBay1_204
1550,rn_InterBay1_205
1551,rn_InterBay1_206
1552,rn_InterBay1_207
1553,rn_InterBay1_208
1554,rn_InterBay1_209
1555,rn_InterBay1_21
1556,rn_InterBay1_210
1557,rn_InterBay1_211
1558,rn_InterBay1_212
1559,rn_InterBay1_213
1560,rn_InterBay1_214
1561,rn_InterBay1_215
1562,rn_InterBay1_216
1563,rn_InterBay1_217
1564,rn_InterBay1_218
1565,rn_InterBay1_219
1566,rn_InterBay1_22
1567,rn_InterBay1_220
1568,rn_InterBay1_221
1569,rn_InterBay1_222
1570,rn_InterBay1_223
1571,rn_InterBay1_224
1572,rn_InterBay1_225
1573,rn_InterBay1_226
1574,rn_InterBay1_227
1575,rn_InterBay1_228
1576,rn_InterBay1_229
1577,rn_InterBay1_23
1578,rn_InterBay1_230
1579,rn_InterBay1_231
1580,rn_InterBay1_232
1581,rn_InterBay1_233
1582,rn_InterBay1_234
1583,rn_InterBay1_235
1584,rn_InterBay1_236
1585,rn_InterBay1_237
1586,rn_InterBay1_238
1587,rn_InterBay1_239
1588,rn_InterBay1_24
1589,rn_InterBay1_240
1590,rn_InterBay1_241
1591,rn_InterBay1_242
1592,rn_InterBay1_243
1593,rn_InterBay1_244
1594,rn_InterBay1_245
1595,rn_InterBay1_246
1596,rn_InterBay1_247
1597,rn_InterBay1_248
1598,rn_InterBay1_249
1599,rn_InterBay1_25
1600,rn_InterBay1_250
1601,rn_InterBay1_251
1602,rn_InterBay1_252
1603,rn_InterBay1_253
1604,rn_InterBay1_254
1605,rn_InterBay1_255
1606,rn_InterBay1_256
1607,rn_InterBay1_257
1608,rn_InterBay1_258
1609,rn_InterBay1_259
1610,rn_InterBay1_26
1611,rn_InterBay1_260
1612,rn_InterBay1_261
1613,rn_InterBay1_262
1614,rn_InterBay1_263
1615,rn_InterBay1_264
1616,rn_InterBay1_265
1617,rn_InterBay1_266
1618,rn_InterBay1_267
1619,rn_InterBay1_268
1620,rn_InterBay1_269
1621,rn_InterBay1_27
1622,rn_InterBay1_270
1623,rn_InterBay1_271
1624,rn_InterBay1_272
1625,rn_InterBay1_273
1626,rn_InterBay1_274
1627,rn_InterBay1_275
1628,rn_InterBay1_276
1629,rn_InterBay1_277
1630,rn_InterBay1_278
1631,rn_InterBay1_279
1632,rn_InterBay1_28
1633,rn_InterBay1_280
1634,rn_InterBay1_281
1635,rn_InterBay1_282
1636,rn_InterBay1_283
1637,rn_InterBay1_284
1638,rn_InterBay1_285
1639,rn_InterBay1_286
1640,rn_InterBay1_287
1641,rn_InterBay1_288
1642,rn_InterBay1_289
1643,rn_InterBay1_29
1644,rn_InterBay1_290
1645,rn_InterBay1_291
1646,rn_InterBay1_292
1647,rn_InterBay1_293
1648,rn_InterBay1_294
1649,rn_InterBay1_295
1650,rn_InterBay1_296
1651,rn_InterBay1_297
1652,rn_InterBay1_298
1653,rn_InterBay1_299
1654,rn_InterBay1_3
1655,rn_InterBay1_30
1656,rn_InterBay1_300
1657,rn_InterBay1_301
1658,rn_InterBay1_302
1659,rn_InterBay1_303
1660,rn_InterBay1_304
1661,rn_InterBay1_305
1662,rn_InterBay1_306
1663,rn_InterBay1_307
1664,rn_InterBay1_308
1665,rn_InterBay1_309
1666,rn_InterBay1_31
1667,rn_InterBay1_310
1668,rn_InterBay1_311
1669,rn_InterBay1_312
1670,rn_InterBay1_313
1671,rn_InterBay1_314
1672,rn_InterBay1_315
1673,rn_InterBay1_316
1674,rn_InterBay1_317
1675,rn_InterBay1_318
1676,rn_InterBay1_319
1677,rn_InterBay1_32
1678,rn_InterBay1_320
1679,rn_InterBay1_321
1680,rn_InterBay1_322
1681,rn_InterBay1_323
1682,rn_InterBay1_324
1683,rn_InterBay1_325
1684,rn_InterBay1_326
1685,rn_InterBay1_327
1686,rn_InterBay1_328
1687,rn_InterBay1_329
1688,rn_InterBay1_33
1689,rn_InterBay1_330
1690,rn_InterBay1_331
1691,rn_InterBay1_332
1692,rn_InterBay1_333
1693,rn_InterBay1_334
1694,rn_InterBay1_335
1695,rn_InterBay1_336
1696,rn_InterBay1_337
1697,rn_InterBay1_338
1698,rn_InterBay1_339
1699,rn_InterBay1_34
1700,rn_InterBay1_340
1701,rn_InterBay1_341
1702,rn_InterBay1_342
1703,rn_InterBay1_343
1704,rn_InterBay1_344
1705,rn_InterBay1_345
1706,rn_InterBay1_346
1707,rn_InterBay1_347
1708,rn_InterBay1_348
1709,rn_InterBay1_349
1710,rn_InterBay1_35
1711,rn_InterBay1_350
1712,rn_InterBay1_351
1713,rn_InterBay1_352
1714,rn_InterBay1_353
1715,rn_InterBay1_354
1716,rn_InterBay1_355
1717,rn_InterBay1_356
1718,rn_InterBay1_357
1719,rn_InterBay1_358
1720,rn_InterBay1_359
1721,rn_InterBay1_36
1722,rn_InterBay1_360
1723,rn_InterBay1_361
1724,rn_InterBay1_362
1725,rn_InterBay1_363
1726,rn_InterBay1_364
1727,rn_InterBay1_365
1728,rn_InterBay1_366
1729,rn_InterBay1_367
1730,rn_InterBay1_368
1731,rn_InterBay1_369
1732,rn_InterBay1_37
1733,rn_InterBay1_370
1734,rn_InterBay1_371
1735,rn_InterBay1_372
1736,rn_InterBay1_373
1737,rn_InterBay1_374
1738,rn_InterBay1_375
1739,rn_InterBay1_376
1740,rn_InterBay1_377
1741,rn_InterBay1_378
1742,rn_InterBay1_379
1743,rn_InterBay1_38
1744,rn_InterBay1_380
1745,rn_InterBay1_381
1746,rn_InterBay1_382
1747,rn_InterBay1_383
1748,rn_InterBay1_384
1749,rn_InterBay1_385
1750,rn_InterBay1_386
1751,rn_InterBay1_387
1752,rn_InterBay1_388
1753,rn_InterBay1_389
1754,rn_InterBay1_39
1755,rn_InterBay1_390
1756,rn_InterBay1_391
1757,rn_InterBay1_392
1758,rn_InterBay1_393
1759,rn_InterBay1_394
1760,rn_InterBay1_395
1761,rn_InterBay1_396
1762,rn_InterBay1_397
1763,rn_InterBay1_398
1764,rn_InterBay1_399
1765,rn_InterBay1_4
1766,rn_InterBay1_40
1767,rn_InterBay1_400
1768,rn_InterBay1_401
1769,rn_InterBay1_402
1770,rn_InterBay1_403
1771,rn_InterBay1_404
1772,rn_InterBay1_405
1773,rn_InterBay1_406
1774,rn_InterBay1_407
1775,rn_InterBay1_408
1776,rn_InterBay1_409
1777,rn_InterBay1_41
1778,rn_InterBay1_410
1779,rn_InterBay1_411
1780,rn_InterBay1_412
1781,rn_InterBay1_413
1782,rn_InterBay1_414
1783,rn_InterBay1_415
1784,rn_InterBay1_416
1785,rn_InterBay1_417
1786,rn_InterBay1_418
1787,rn_InterBay1_419
1788,rn_InterBay1_42
1789,rn_InterBay1_420
1790,rn_InterBay1_421
1791,rn_InterBay1_422
1792,rn_InterBay1_423
1793,rn_InterBay1_424
1794,rn_InterBay1_425
1795,rn_InterBay1_426
1796,rn_InterBay1_427
1797,rn_InterBay1_428
1798,rn_InterBay1_43
1799,rn_InterBay1_44
1800,rn_InterBay1_45
1801,rn_InterBay1_46
1802,rn_InterBay1_47
1803,rn_InterBay1_48
1804,rn_InterBay1_49
1805,rn_InterBay1_5
1806,rn_InterBay1_50
1807,rn_InterBay1_51
1808,rn_InterBay1_52
1809,rn_InterBay1_53
1810,rn_InterBay1_54
1811,rn_InterBay1_55
1812,rn_InterBay1_56
1813,rn_InterBay1_57
1814,rn_InterBay1_58
1815,rn_InterBay1_59
1816,rn_InterBay1_6
1817,rn_InterBay1_60
1818,rn_InterBay1_61
1819,rn_InterBay1_62
1820,rn_InterBay1_63
1821,rn_InterBay1_64
1822,rn_InterBay1_65
1823,rn_InterBay1_66
1824,rn_InterBay1_67
1825,rn_InterBay1_68
1826,rn_InterBay1_69
1827,rn_InterBay1_7
1828,rn_InterBay1_70
1829,rn_InterBay1_71
1830,rn_InterBay1_72
1831,rn_InterBay1_73
1832,rn_InterBay1_74
1833,rn_InterBay1_75
1834,rn_InterBay1_76
1835,rn_InterBay1_77
1836,rn_InterBay1_78
1837,rn_InterBay1_79
1838,rn_InterBay1_8
1839,rn_InterBay1_80
1840,rn_InterBay1_81
1841,rn_InterBay1_82
1842,rn_InterBay1_83
1843,rn_InterBay1_84
1844,rn_InterBay1_85
1845,rn_InterBay1_86
1846,rn_InterBay1_87
1847,rn_InterBay1_88
1848,rn_InterBay1_89
1849,rn_InterBay1_9
1850,rn_InterBay1_90
1851,rn_InterBay1_91
1852,rn_InterBay1_92
1853,rn_InterBay1_93
1854,rn_InterBay1_94
1855,rn_InterBay1_95
1856,rn_InterBay1_96
1857,rn_InterBay1_97
1858,rn_InterBay1_98
1859,rn_InterBay1_99
1860,rn_InterBay2_1
1861,rn_InterBay2_10
1862,rn_InterBay2_100
1863,rn_InterBay2_101
1864,rn_InterBay2_102
1865,rn_InterBay2_103
1866,rn_InterBay2_104
1867,rn_InterBay2_105
1868,rn_InterBay2_106
1869,rn_InterBay2_107
1870,rn_InterBay2_108
1871,rn_InterBay2_109
1872,rn_InterBay2_11
1873,rn_InterBay2_110
1874,rn_InterBay2_111
1875,rn_InterBay2_112
1876,rn_InterBay2_113
1877,rn_InterBay2_114
1878,rn_InterBay2_115
1879,rn_InterBay2_116
1880,rn_InterBay2_117
1881,rn_InterBay2_118
1882,rn_InterBay2_119
1883,rn_InterBay2_12
1884,rn_InterBay2_120
1885,rn_InterBay2_121
1886,rn_InterBay2_122
1887,rn_InterBay2_123
1888,rn_InterBay2_124
1889,rn_InterBay2_125
1890,rn_InterBay2_126
1891,rn_InterBay2_127
1892,rn_InterBay2_128
1893,rn_InterBay2_129
1894,rn_InterBay2_13
1895,rn_InterBay2_130
1896,rn_InterBay2_131
1897,rn_InterBay2_132
1898,rn_InterBay2_133
1899,rn_InterBay2_134
1900,rn_InterBay2_135
1901,rn_InterBay2_136
1902,rn_InterBay2_137
1903,rn_InterBay2_138
1904,rn_InterBay2_139
1905,rn_InterBay2_14
1906,rn_InterBay2_140
1907,rn_InterBay2_141
1908,rn_InterBay2_142
1909,rn_InterBay2_143
1910,rn_InterBay2_144
1911,rn_InterBay2_145
1912,rn_InterBay2_146
1913,rn_InterBay2_147
1914,rn_InterBay2_148
1915,rn_InterBay2_149
1916,rn_InterBay2_15
1917,rn_InterBay2_150
1918,rn_InterBay2_151
1919,rn_InterBay2_152
1920,rn_InterBay2_153
1921,rn_InterBay2_154
1922,rn_InterBay2_155
1923,rn_InterBay2_156
1924,rn_InterBay2_157
1925,rn_InterBay2_158
1926,rn_InterBay2_159
1927,rn_InterBay2_16
1928,rn_InterBay2_160
1929,rn_InterBay2_161
1930,rn_InterBay2_162
1931,rn_InterBay2_163
1932,rn_InterBay2_164
1933,rn_InterBay2_165
1934,rn_InterBay2_166
1935,rn_InterBay2_167
1936,rn_InterBay2_168
1937,rn_InterBay2_169
1938,rn_InterBay2_17
1939,rn_InterBay2_170
1940,rn_InterBay2_171
1941,rn_InterBay2_172
1942,rn_InterBay2_173
1943,rn_InterBay2_174
1944,rn_InterBay2_175
1945,rn_InterBay2_176
1946,rn_InterBay2_177
1947,rn_InterBay2_178
1948,rn_InterBay2_179
1949,rn_InterBay2_18
1950,rn_InterBay2_180
1951,rn_InterBay2_181
1952,rn_InterBay2_182
1953,rn_InterBay2_183
1954,rn_InterBay2_184
1955,rn_InterBay2_185
1956,rn_InterBay2_186
1957,rn_InterBay2_187
1958,rn_InterBay2_188
1959,rn_InterBay2_189
1960,rn_InterBay2_19
1961,rn_InterBay2_190
1962,rn_InterBay2_191
1963,rn_InterBay2_192
1964,rn_InterBay2_193
1965,rn_InterBay2_194
1966,rn_InterBay2_195
1967,rn_InterBay2_196
1968,rn_InterBay2_197
1969,rn_InterBay2_198
1970,rn_InterBay2_199
1971,rn_InterBay2_2
1972,rn_InterBay2_20
1973,rn_InterBay2_200
1974,rn_InterBay2_201
1975,rn_InterBay2_202
1976,rn_InterBay2_203
1977,rn_InterBay2_204
1978,rn_InterBay2_205
1979,rn_InterBay2_206
1980,rn_InterBay2_207
1981,rn_InterBay2_208
1982,rn_InterBay2_209
1983,rn_InterBay2_21
1984,rn_InterBay2_210
1985,rn_InterBay2_211
1986,rn_InterBay2_212
1987,rn_InterBay2_213
1988,rn_InterBay2_214
1989,rn_InterBay2_215
1990,rn_InterBay2_216
1991,rn_InterBay2_217
1992,rn_InterBay2_218
1993,rn_InterBay2_219
1994,rn_InterBay2_22
1995,rn_InterBay2_220
1996,rn_InterBay2_221
1997,rn_InterBay2_222
1998,rn_InterBay2_223
1999,rn_InterBay2_224
2000,rn_InterBay2_225
2001,rn_InterBay2_226
2002,rn_InterBay2_227
2003,rn_InterBay2_228
2004,rn_InterBay2_229
2005,rn_InterBay2_23
2006,rn_InterBay2_230
2007,rn_InterBay2_231
2008,rn_InterBay2_232
2009,rn_InterBay2_233
2010,rn_InterBay2_234
2011,rn_InterBay2_235
2012,rn_InterBay2_236
2013,rn_InterBay2_237
2014,rn_InterBay2_238
2015,rn_InterBay2_239
2016,rn_InterBay2_24
2017,rn_InterBay2_240
2018,rn_InterBay2_241
2019,rn_InterBay2_242
2020,rn_InterBay2_243
2021,rn_InterBay2_244
2022,rn_InterBay2_245
2023,rn_InterBay2_246
2024,rn_InterBay2_247
2025,rn_InterBay2_248
2026,rn_InterBay2_249
2027,rn_InterBay2_25
2028,rn_InterBay2_250
2029,rn_InterBay2_251
2030,rn_InterBay2_252
2031,rn_InterBay2_253
2032,rn_InterBay2_254
2033,rn_InterBay2_255
2034,rn_InterBay2_256
2035,rn_InterBay2_257
2036,rn_InterBay2_258
2037,rn_InterBay2_259
2038,rn_InterBay2_26
2039,rn_InterBay2_260
2040,rn_InterBay2_261
2041,rn_InterBay2_262
2042,rn_InterBay2_263
2043,rn_InterBay2_264
2044,rn_InterBay2_265
2045,rn_InterBay2_266
2046,rn_InterBay2_267
2047,rn_InterBay2_268
2048,rn_InterBay2_269
2049,rn_InterBay2_27
2050,rn_InterBay2_270
2051,rn_InterBay2_271
2052,rn_InterBay2_272
2053,rn_InterBay2_273
2054,rn_InterBay2_274
2055,rn_InterBay2_275
2056,rn_InterBay2_276
2057,rn_InterBay2_277
2058,rn_InterBay2_278
2059,rn_InterBay2_279
2060,rn_InterBay2_28
2061,rn_InterBay2_280
2062,rn_InterBay2_281
2063,rn_InterBay2_282
2064,rn_InterBay2_283
2065,rn_InterBay2_284
2066,rn_InterBay2_285
2067,rn_InterBay2_286
2068,rn_InterBay2_287
2069,rn_InterBay2_288
2070,rn_InterBay2_289
2071,rn_InterBay2_29
2072,rn_InterBay2_290
2073,rn_InterBay2_291
2074,rn_InterBay2_292
2075,rn_InterBay2_293
2076,rn_InterBay2_294
2077,rn_InterBay2_295
2078,rn_InterBay2_296
2079,rn_InterBay2_297
2080,rn_InterBay2_298
2081,rn_InterBay2_299
2082,rn_InterBay2_3
2083,rn_InterBay2_30
2084,rn_InterBay2_300
2085,rn_InterBay2_301
2086,rn_InterBay2_302
2087,rn_InterBay2_303
2088,rn_InterBay2_304
2089,rn_InterBay2_305
2090,rn_InterBay2_306
2091,rn_InterBay2_307
2092,rn_InterBay2_308
2093,rn_InterBay2_309
2094,rn_InterBay2_31
2095,rn_InterBay2_310
2096,rn_InterBay2_311
2097,rn_InterBay2_312
2098,rn_InterBay2_313
2099,rn_InterBay2_314
2100,rn_InterBay2_315
2101,rn_InterBay2_316
2102,rn_InterBay2_317
2103,rn_InterBay2_318
2104,rn_InterBay2_319
2105,rn_InterBay2_32
2106,rn_InterBay2_320
2107,rn_InterBay2_321
2108,rn_InterBay2_322
2109,rn_InterBay2_323
2110,rn_InterBay2_324
2111,rn_InterBay2_325
2112,rn_InterBay2_326
2113,rn_InterBay2_327
2114,rn_InterBay2_328
2115,rn_InterBay2_329
2116,rn_InterBay2_33
2117,rn_InterBay2_330
2118,rn_InterBay2_331
2119,rn_InterBay2_332
2120,rn_InterBay2_333
2121,rn_InterBay2_334
2122,rn_InterBay2_335
2123,rn_InterBay2_336
2124,rn_InterBay2_337
2125,rn_InterBay2_338
2126,rn_InterBay2_339
2127,rn_InterBay2_34
2128,rn_InterBay2_340
2129,rn_InterBay2_341
2130,rn_InterBay2_342
2131,rn_InterBay2_343
2132,rn_InterBay2_344
2133,rn_InterBay2_345
2134,rn_InterBay2_346
2135,rn_InterBay2_347
2136,rn_InterBay2_348
2137,rn_InterBay2_349
2138,rn_InterBay2_35
2139,rn_InterBay2_350
2140,rn_InterBay2_351
2141,rn_InterBay2_352
2142,rn_InterBay2_353
2143,rn_InterBay2_354
2144,rn_InterBay2_355
2145,rn_InterBay2_356
2146,rn_InterBay2_357
2147,rn_InterBay2_358
2148,rn_InterBay2_359
2149,rn_InterBay2_36
2150,rn_InterBay2_360
2151,rn_InterBay2_361
2152,rn_InterBay2_362
2153,rn_InterBay2_363
2154,rn_InterBay2_364
2155,rn_InterBay2_365
2156,rn_InterBay2_366
2157,rn_InterBay2_367
2158,rn_InterBay2_368
2159,rn_InterBay2_369
2160,rn_InterBay2_37
2161,rn_InterBay2_370
2162,rn_InterBay2_371
2163,rn_InterBay2_372
2164,rn_InterBay2_373
2165,rn_InterBay2_374
2166,rn_InterBay2_375
2167,rn_InterBay2_376
2168,rn_InterBay2_377
2169,rn_InterBay2_378
2170,rn_InterBay2_379
2171,rn_InterBay2_38
2172,rn_InterBay2_380
2173,rn_InterBay2_381
2174,rn_InterBay2_382
2175,rn_InterBay2_383
2176,rn_InterBay2_384
2177,rn_InterBay2_385
2178,rn_InterBay2_386
2179,rn_InterBay2_387
2180,rn_InterBay2_388
2181,rn_InterBay2_389
2182,rn_InterBay2_39
2183,rn_InterBay2_390
2184,rn_InterBay2_391
2185,rn_InterBay2_392
2186,rn_InterBay2_393
2187,rn_InterBay2_394
2188,rn_InterBay2_395
2189,rn_InterBay2_396
2190,rn_InterBay2_397
2191,rn_InterBay2_398
2192,rn_InterBay2_399
2193,rn_InterBay2_4
2194,rn_InterBay2_40
2195,rn_InterBay2_400
2196,rn_InterBay2_401
2197,rn_InterBay2_402
2198,rn_InterBay2_403
2199,rn_InterBay2_404
2200,rn_InterBay2_405
2201,rn_InterBay2_406
2202,rn_InterBay2_407
2203,rn_InterBay2_408
2204,rn_InterBay2_409
2205,rn_InterBay2_41
2206,rn_InterBay2_410
2207,rn_InterBay2_411
2208,rn_InterBay2_412
2209,rn_InterBay2_413
2210,rn_InterBay2_414
2211,rn_InterBay2_415
2212,rn_InterBay2_416
2213,rn_InterBay2_417
2214,rn_InterBay2_418
2215,rn_InterBay2_419
2216,rn_InterBay2_42
2217,rn_InterBay2_420
2218,rn_InterBay2_421
2219,rn_InterBay2_422
2220,rn_InterBay2_423
2221,rn_InterBay2_424
2222,rn_InterBay2_425
2223,rn_InterBay2_426
2224,rn_InterBay2_427
2225,rn_InterBay2_428
2226,rn_InterBay2_429
2227,rn_InterBay2_43
2228,rn_InterBay2_430
2229,rn_InterBay2_431
2230,rn_InterBay2_432
2231,rn_InterBay2_433
2232,rn_InterBay2_434
2233,rn_InterBay2_435
2234,rn_InterBay2_436
2235,rn_InterBay2_437
2236,rn_InterBay2_438
2237,rn_InterBay2_439
2238,rn_InterBay2_44
2239,rn_InterBay2_440
2240,rn_InterBay2_441
2241,rn_InterBay2_442
2242,rn_InterBay2_443
2243,rn_InterBay2_444
2244,rn_InterBay2_445
2245,rn_InterBay2_446
2246,rn_InterBay2_447
2247,rn_InterBay2_448
2248,rn_InterBay2_449
2249,rn_InterBay2_45
2250,rn_InterBay2_450
2251,rn_InterBay2_451
2252,rn_InterBay2_452
2253,rn_InterBay2_453
2254,rn_InterBay2_454
2255,rn_InterBay2_455
2256,rn_InterBay2_456
2257,rn_InterBay2_457
2258,rn_InterBay2_458
2259,rn_InterBay2_459
2260,rn_InterBay2_46
2261,rn_InterBay2_460
2262,rn_InterBay2_461
2263,rn_InterBay2_462
2264,rn_InterBay2_463
2265,rn_InterBay2_464
2266,rn_InterBay2_465
2267,rn_InterBay2_466
2268,rn_InterBay2_467
2269,rn_InterBay2_468
2270,rn_InterBay2_469
2271,rn_InterBay2_47
2272,rn_InterBay2_470
2273,rn_InterBay2_471
2274,rn_InterBay2_472
2275,rn_InterBay2_473
2276,rn_InterBay2_474
2277,rn_InterBay2_475
2278,rn_InterBay2_476
2279,rn_InterBay2_477
2280,rn_InterBay2_478
2281,rn_InterBay2_479
2282,rn_InterBay2_48
2283,rn_InterBay2_480
2284,rn_InterBay2_481
2285,rn_InterBay2_482
2286,rn_InterBay2_483
2287,rn_InterBay2_484
2288,rn_InterBay2_485
2289,rn_InterBay2_486
2290,rn_InterBay2_487
2291,rn_InterBay2_488
2292,rn_InterBay2_489
2293,rn_InterBay2_49
2294,rn_InterBay2_490
2295,rn_InterBay2_491
2296,rn_InterBay2_492
2297,rn_InterBay2_493
2298,rn_InterBay2_494
2299,rn_InterBay2_495
2300,rn_InterBay2_496
2301,rn_InterBay2_497
2302,rn_InterBay2_498
2303,rn_InterBay2_499
2304,rn_InterBay2_5
2305,rn_InterBay2_50
2306,rn_InterBay2_500
2307,rn_InterBay2_501
2308,rn_InterBay2_502
2309,rn_InterBay2_503
2310,rn_InterBay2_504
2311,rn_InterBay2_505
2312,rn_InterBay2_506
2313,rn_InterBay2_507
2314,rn_InterBay2_508
2315,rn_InterBay2_509
2316,rn_InterBay2_51
2317,rn_InterBay2_510
2318,rn_InterBay2_511
2319,rn_InterBay2_512
2320,rn_InterBay2_513
2321,rn_InterBay2_514
2322,rn_InterBay2_515
2323,rn_InterBay2_516
2324,rn_InterBay2_517
2325,rn_InterBay2_518
2326,rn_InterBay2_519
2327,rn_InterBay2_52
2328,rn_InterBay2_520
2329,rn_InterBay2_521
2330,rn_InterBay2_522
2331,rn_InterBay2_523
2332,rn_InterBay2_524
2333,rn_InterBay2_525
2334,rn_InterBay2_526
2335,rn_InterBay2_527
2336,rn_InterBay2_528
2337,rn_InterBay2_529
2338,rn_InterBay2_53
2339,rn_InterBay2_530
2340,rn_InterBay2_531
2341,rn_InterBay2_532
2342,rn_InterBay2_533
2343,rn_InterBay2_534
2344,rn_InterBay2_535
2345,rn_InterBay2_536
2346,rn_InterBay2_537
2347,rn_InterBay2_538
2348,rn_InterBay2_539
2349,rn_InterBay2_54
2350,rn_InterBay2_540
2351,rn_InterBay2_541
2352,rn_InterBay2_542
2353,rn_InterBay2_543
2354,rn_InterBay2_544
2355,rn_InterBay2_545
2356,rn_InterBay2_546
2357,rn_InterBay2_547
2358,rn_InterBay2_548
2359,rn_InterBay2_549
2360,rn_InterBay2_55
2361,rn_InterBay2_550
2362,rn_InterBay2_551
2363,rn_InterBay2_552
2364,rn_InterBay2_553
2365,rn_InterBay2_554
2366,rn_InterBay2_555
2367,rn_InterBay2_556
2368,rn_InterBay2_557
2369,rn_InterBay2_558
2370,rn_InterBay2_559
2371,rn_InterBay2_56
2372,rn_InterBay2_560
2373,rn_InterBay2_561
2374,rn_InterBay2_562
2375,rn_InterBay2_563
2376,rn_InterBay2_564
2377,rn_InterBay2_565
2378,rn_InterBay2_566
2379,rn_InterBay2_567
2380,rn_InterBay2_568
2381,rn_InterBay2_569
2382,rn_InterBay2_57
2383,rn_InterBay2_570
2384,rn_InterBay2_58
2385,rn_InterBay2_59
2386,rn_InterBay2_6
2387,rn_InterBay2_60
2388,rn_InterBay2_61
2389,rn_InterBay2_62
2390,rn_InterBay2_63
2391,rn_InterBay2_64
2392,rn_InterBay2_65
2393,rn_InterBay2_66
2394,rn_InterBay2_67
2395,rn_InterBay2_68
2396,rn_InterBay2_69
2397,rn_InterBay2_7
2398,rn_InterBay2_70
2399,rn_InterBay2_71
2400,rn_InterBay2_72
2401,rn_InterBay2_73
2402,rn_InterBay2_74
2403,rn_InterBay2_75
2404,rn_InterBay2_76
2405,rn_InterBay2_77
2406,rn_InterBay2_78
2407,rn_InterBay2_79
2408,rn_InterBay2_8
2409,rn_InterBay2_80
2410,rn_InterBay2_81
2411,rn_InterBay2_82
2412,rn_InterBay2_83
2413,rn_InterBay2_84
2414,rn_InterBay2_85
2415,rn_InterBay2_86
2416,rn_InterBay2_87
2417,rn_InterBay2_88
2418,rn_InterBay2_89
2419,rn_InterBay2_9
2420,rn_InterBay2_90
2421,rn_InterBay2_91
2422,rn_InterBay2_92
2423,rn_InterBay2_93
2424,rn_InterBay2_94
2425,rn_InterBay2_95
2426,rn_InterBay2_96
2427,rn_InterBay2_97
2428,rn_InterBay2_98
2429,rn_InterBay2_99
2430,rn_InterBay3_1
2431,rn_InterBay3_10
2432,rn_InterBay3_100
2433,rn_InterBay3_101
2434,rn_InterBay3_102
2435,rn_InterBay3_103
2436,rn_InterBay3_104
2437,rn_InterBay3_105
2438,rn_InterBay3_106
2439,rn_InterBay3_107
2440,rn_InterBay3_108
2441,rn_InterBay3_109
2442,rn_InterBay3_11
2443,rn_InterBay3_110
2444,rn_InterBay3_111
2445,rn_InterBay3_112
2446,rn_InterBay3_113
2447,rn_InterBay3_114
2448,rn_InterBay3_115
2449,rn_InterBay3_116
2450,rn_InterBay3_117
2451,rn_InterBay3_118
2452,rn_InterBay3_119
2453,rn_InterBay3_12
2454,rn_InterBay3_120
2455,rn_InterBay3_121
2456,rn_InterBay3_122
2457,rn_InterBay3_123
2458,rn_InterBay3_124
2459,rn_InterBay3_125
2460,rn_InterBay3_126
2461,rn_InterBay3_127
2462,rn_InterBay3_128
2463,rn_InterBay3_129
2464,rn_InterBay3_13
2465,rn_InterBay3_130
2466,rn_InterBay3_131
2467,rn_InterBay3_132
2468,rn_InterBay3_133
2469,rn_InterBay3_134
2470,rn_InterBay3_135
2471,rn_InterBay3_136
2472,rn_InterBay3_137
2473,rn_InterBay3_138
2474,rn_InterBay3_139
2475,rn_InterBay3_14
2476,rn_InterBay3_140
2477,rn_InterBay3_141
2478,rn_InterBay3_142
2479,rn_InterBay3_143
2480,rn_InterBay3_144
2481,rn_InterBay3_145
2482,rn_InterBay3_146
2483,rn_InterBay3_147
2484,rn_InterBay3_148
2485,rn_InterBay3_149
2486,rn_InterBay3_15
2487,rn_InterBay3_150
2488,rn_InterBay3_151
2489,rn_InterBay3_152
2490,rn_InterBay3_153
2491,rn_InterBay3_154
2492,rn_InterBay3_155
2493,rn_InterBay3_156
2494,rn_InterBay3_157
2495,rn_InterBay3_158
2496,rn_InterBay3_159
2497,rn_InterBay3_16
2498,rn_InterBay3_160
2499,rn_InterBay3_161
2500,rn_InterBay3_162
2501,rn_InterBay3_163
2502,rn_InterBay3_164
2503,rn_InterBay3_165
2504,rn_InterBay3_166
2505,rn_InterBay3_167
2506,rn_InterBay3_168
2507,rn_InterBay3_169
2508,rn_InterBay3_17
2509,rn_InterBay3_170
2510,rn_InterBay3_171
2511,rn_InterBay3_172
2512,rn_InterBay3_173
2513,rn_InterBay3_174
2514,rn_InterBay3_175
2515,rn_InterBay3_176
2516,rn_InterBay3_177
2517,rn_InterBay3_178
2518,rn_InterBay3_179
2519,rn_InterBay3_18
2520,rn_InterBay3_180
2521,rn_InterBay3_181
2522,rn_InterBay3_182
2523,rn_InterBay3_183
2524,rn_InterBay3_184
2525,rn_InterBay3_185
2526,rn_InterBay3_186
2527,rn_InterBay3_187
2528,rn_InterBay3_188
2529,rn_InterBay3_189
2530,rn_InterBay3_19
2531,rn_InterBay3_190
2532,rn_InterBay3_191
2533,rn_InterBay3_192
2534,rn_InterBay3_193
2535,rn_InterBay3_194
2536,rn_InterBay3_195
2537,rn_InterBay3_196
2538,rn_InterBay3_197
2539,rn_InterBay3_198
2540,rn_InterBay3_199
2541,rn_InterBay3_2
2542,rn_InterBay3_20
2543,rn_InterBay3_200
2544,rn_InterBay3_201
2545,rn_InterBay3_202
2546,rn_InterBay3_203
2547,rn_InterBay3_204
2548,rn_InterBay3_205
2549,rn_InterBay3_206
2550,rn_InterBay3_207
2551,rn_InterBay3_208
2552,rn_InterBay3_209
2553,rn_InterBay3_21
2554,rn_InterBay3_210
2555,rn_InterBay3_211
2556,rn_InterBay3_212
2557,rn_InterBay3_213
2558,rn_InterBay3_214
2559,rn_InterBay3_215
2560,rn_InterBay3_216
2561,rn_InterBay3_217
2562,rn_InterBay3_218
2563,rn_InterBay3_219
2564,rn_InterBay3_22
2565,rn_InterBay3_220
2566,rn_InterBay3_221
2567,rn_InterBay3_222
2568,rn_InterBay3_223
2569,rn_InterBay3_224
2570,rn_InterBay3_225
2571,rn_InterBay3_226
2572,rn_InterBay3_227
2573,rn_InterBay3_228
2574,rn_InterBay3_229
2575,rn_InterBay3_23
2576,rn_InterBay3_230
2577,rn_InterBay3_231
2578,rn_InterBay3_232
2579,rn_InterBay3_233
2580,rn_InterBay3_234
2581,rn_InterBay3_235
2582,rn_InterBay3_236
2583,rn_InterBay3_237
2584,rn_InterBay3_238
2585,rn_InterBay3_239
2586,rn_InterBay3_24
2587,rn_InterBay3_240
2588,rn_InterBay3_241
2589,rn_InterBay3_242
2590,rn_InterBay3_243
2591,rn_InterBay3_244
2592,rn_InterBay3_245
2593,rn_InterBay3_246
2594,rn_InterBay3_247
2595,rn_InterBay3_248
2596,rn_InterBay3_249
2597,rn_InterBay3_25
2598,rn_InterBay3_250
2599,rn_InterBay3_251
2600,rn_InterBay3_252
2601,rn_InterBay3_253
2602,rn_InterBay3_254
2603,rn_InterBay3_255
2604,rn_InterBay3_256
2605,rn_InterBay3_257
2606,rn_InterBay3_258
2607,rn_InterBay3_259
2608,rn_InterBay3_26
2609,rn_InterBay3_260
2610,rn_InterBay3_261
2611,rn_InterBay3_262
2612,rn_InterBay3_263
2613,rn_InterBay3_264
2614,rn_InterBay3_265
2615,rn_InterBay3_266
2616,rn_InterBay3_267
2617,rn_InterBay3_268
2618,rn_InterBay3_269
2619,rn_InterBay3_27
2620,rn_InterBay3_270
2621,rn_InterBay3_271
2622,rn_InterBay3_272
2623,rn_InterBay3_273
2624,rn_InterBay3_274
2625,rn_InterBay3_275
2626,rn_InterBay3_276
2627,rn_InterBay3_277
2628,rn_InterBay3_278
2629,rn_InterBay3_279
2630,rn_InterBay3_28
2631,rn_InterBay3_280
2632,rn_InterBay3_281
2633,rn_InterBay3_282
2634,rn_InterBay3_283
2635,rn_InterBay3_284
2636,rn_InterBay3_285
2637,rn_InterBay3_286
2638,rn_InterBay3_287
2639,rn_InterBay3_288
2640,rn_InterBay3_289
2641,rn_InterBay3_29
2642,rn_InterBay3_290
2643,rn_InterBay3_291
2644,rn_InterBay3_292
2645,rn_InterBay3_293
2646,rn_InterBay3_294
2647,rn_InterBay3_295
2648,rn_InterBay3_296
2649,rn_InterBay3_297
2650,rn_InterBay3_298
2651,rn_InterBay3_299
2652,rn_InterBay3_3
2653,rn_InterBay3_30
2654,rn_InterBay3_300
2655,rn_InterBay3_301
2656,rn_InterBay3_302
2657,rn_InterBay3_303
2658,rn_InterBay3_304
2659,rn_InterBay3_305
2660,rn_InterBay3_306
2661,rn_InterBay3_307
2662,rn_InterBay3_308
2663,rn_InterBay3_309
2664,rn_InterBay3_31
2665,rn_InterBay3_310
2666,rn_InterBay3_311
2667,rn_InterBay3_312
2668,rn_InterBay3_313
2669,rn_InterBay3_314
2670,rn_InterBay3_315
2671,rn_InterBay3_316
2672,rn_InterBay3_317
2673,rn_InterBay3_318
2674,rn_InterBay3_319
2675,rn_InterBay3_32
2676,rn_InterBay3_320
2677,rn_InterBay3_321
2678,rn_InterBay3_322
2679,rn_InterBay3_323
2680,rn_InterBay3_324
2681,rn_InterBay3_325
2682,rn_InterBay3_326
2683,rn_InterBay3_327
2684,rn_InterBay3_328
2685,rn_InterBay3_329
2686,rn_InterBay3_33
2687,rn_InterBay3_330
2688,rn_InterBay3_331
2689,rn_InterBay3_332
2690,rn_InterBay3_333
2691,rn_InterBay3_334
2692,rn_InterBay3_335
2693,rn_InterBay3_336
2694,rn_InterBay3_337
2695,rn_InterBay3_338
2696,rn_InterBay3_339
2697,rn_InterBay3_34
2698,rn_InterBay3_340
2699,rn_InterBay3_341
2700,rn_InterBay3_342
2701,rn_InterBay3_343
2702,rn_InterBay3_344
2703,rn_InterBay3_345
2704,rn_InterBay3_346
2705,rn_InterBay3_347
2706,rn_InterBay3_348
2707,rn_InterBay3_349
2708,rn_InterBay3_35
2709,rn_InterBay3_350
2710,rn_InterBay3_351
2711,rn_InterBay3_352
2712,rn_InterBay3_353
2713,rn_InterBay3_354
2714,rn_InterBay3_355
2715,rn_InterBay3_356
2716,rn_InterBay3_357
2717,rn_InterBay3_358
2718,rn_InterBay3_359
2719,rn_InterBay3_36
2720,rn_InterBay3_360
2721,rn_InterBay3_361
2722,rn_InterBay3_362
2723,rn_InterBay3_363
2724,rn_InterBay3_364
2725,rn_InterBay3_365
2726,rn_InterBay3_366
2727,rn_InterBay3_367
2728,rn_InterBay3_368
2729,rn_InterBay3_369
2730,rn_InterBay3_37
2731,rn_InterBay3_370
2732,rn_InterBay3_371
2733,rn_InterBay3_372
2734,rn_InterBay3_373
2735,rn_InterBay3_374
2736,rn_InterBay3_375
2737,rn_InterBay3_376
2738,rn_InterBay3_377
2739,rn_InterBay3_378
2740,rn_InterBay3_379
2741,rn_InterBay3_38
2742,rn_InterBay3_380
2743,rn_InterBay3_381
2744,rn_InterBay3_382
2745,rn_InterBay3_383
2746,rn_InterBay3_384
2747,rn_InterBay3_385
2748,rn_InterBay3_386
2749,rn_InterBay3_387
2750,rn_InterBay3_388
2751,rn_InterBay3_389
2752,rn_InterBay3_39
2753,rn_InterBay3_390
2754,rn_InterBay3_391
2755,rn_InterBay3_392
2756,rn_InterBay3_393
2757,rn_InterBay3_394
2758,rn_InterBay3_395
2759,rn_InterBay3_396
2760,rn_InterBay3_397
2761,rn_InterBay3_398
2762,rn_InterBay3_399
2763,rn_InterBay3_4
2764,rn_InterBay3_40
2765,rn_InterBay3_400
2766,rn_InterBay3_401
2767,rn_InterBay3_402
2768,rn_InterBay3_403
2769,rn_InterBay3_404
2770,rn_InterBay3_405
2771,rn_InterBay3_406
2772,rn_InterBay3_407
2773,rn_InterBay3_408
2774,rn_InterBay3_409
2775,rn_InterBay3_41
2776,rn_InterBay3_410
2777,rn_InterBay3_411
2778,rn_InterBay3_412
2779,rn_InterBay3_413
2780,rn_InterBay3_414
2781,rn_InterBay3_415
2782,rn_InterBay3_416
2783,rn_InterBay3_417
2784,rn_InterBay3_418
2785,rn_InterBay3_419
2786,rn_InterBay3_42
2787,rn_InterBay3_420
2788,rn_InterBay3_421
2789,rn_InterBay3_422
2790,rn_InterBay3_423
2791,rn_InterBay3_424
2792,rn_InterBay3_425
2793,rn_InterBay3_426
2794,rn_InterBay3_427
2795,rn_InterBay3_428
2796,rn_InterBay3_43
2797,rn_InterBay3_44
2798,rn_InterBay3_45
2799,rn_InterBay3_46
2800,rn_InterBay3_47
2801,rn_InterBay3_48
2802,rn_InterBay3_49
2803,rn_InterBay3_5
2804,rn_InterBay3_50
2805,rn_InterBay3_51
2806,rn_InterBay3_52
2807,rn_InterBay3_53
2808,rn_InterBay3_54
2809,rn_InterBay3_55
2810,rn_InterBay3_56
2811,rn_InterBay3_57
2812,rn_InterBay3_58
2813,rn_InterBay3_59
2814,rn_InterBay3_6
2815,rn_InterBay3_60
2816,rn_InterBay3_61
2817,rn_InterBay3_62
2818,rn_InterBay3_63
2819,rn_InterBay3_64
2820,rn_InterBay3_65
2821,rn_InterBay3_66
2822,rn_InterBay3_67
2823,rn_InterBay3_68
2824,rn_InterBay3_69
2825,rn_InterBay3_7
2826,rn_InterBay3_70
2827,rn_InterBay3_71
2828,rn_InterBay3_72
2829,rn_InterBay3_73
2830,rn_InterBay3_74
2831,rn_InterBay3_75
2832,rn_InterBay3_76
2833,rn_InterBay3_77
2834,rn_InterBay3_78
2835,rn_InterBay3_79
2836,rn_InterBay3_8
2837,rn_InterBay3_80
2838,rn_InterBay3_81
2839,rn_InterBay3_82
2840,rn_InterBay3_83
2841,rn_InterBay3_84
2842,rn_InterBay3_85
2843,rn_InterBay3_86
2844,rn_InterBay3_87
2845,rn_InterBay3_88
2846,rn_InterBay3_89
2847,rn_InterBay3_9
2848,rn_InterBay3_90
2849,rn_InterBay3_91
2850,rn_InterBay3_92
2851,rn_InterBay3_93
2852,rn_InterBay3_94
2853,rn_InterBay3_95
2854,rn_InterBay3_96
2855,rn_InterBay3_97
2856,rn_InterBay3_98
2857,rn_InterBay3_99
